Hoja,Fila,Campo,Valor anterior,Valor nuevo
México - Instituciones,94,unidad,Dirección de Servicios Estudiantiles / Bienestar,Rectoría / Secretaría Administrativa
México - Instituciones,94,web,https://www.upn.mx/,https://upn.mx/
México - Instituciones,94,contacto,Asistente Administrativa,Rosa María Torres Hernández (Rectora) / Ulises A. González García (Secretario Administrativo)
México - Instituciones,94,tel,"(57) 601 916 9999 ext. 631

",+52 55 5630 9700 ext. 1125 (Rectoría) / ext. 1136
México - Instituciones,94,email,bienestar.universitario@pedagogica.edu.co,No disponible públicamente
México - Instituciones,94,fuente,https://bienestar.upn.edu.co/contactenos-sbu/,https://upn.mx/index.php/conoce-la-upn/directorio
México - Instituciones,94,estado,CONFIRMADO,VERIFICAR
México - Instituciones,86,unidad,Departamento de Servicios Estudiantiles,Secretaría Académica
México - Instituciones,86,contacto,Lic. Enrique Pérez López/Sec Académica,Dr. Francisco Alberto Alonso Farrera (Secretario Académico)
México - Instituciones,86,tel, +52 961 617 1460,+52 961 617 1460 ext. 50201
México - Instituciones,86,email,enrique.perez@unicach.mx,secretariaacademica@upchiapas.edu.mx
México - Instituciones,86,fuente,https://www.upchiapas.edu.mx/,https://www.upchiapas.edu.mx/Administracion
México - Instituciones,86,estado,VERIFICADO CON OBSERVACIONES,CORREGIDO
México - Instituciones,133,unidad,Departamento de Servicios Estudiantiles,Secretaría Académica
México - Instituciones,133,contacto,Despacho de Sec Academica,M. en I. Raúl Noriega Ponce (Secretario Académico)
México - Instituciones,133,tel,=+52 442 209 6100,+52 442 209 6100 ext. 1310
México - Instituciones,133,email,jmolivaresr@utsjr.edu.mx,raul.noriega@uteq.edu.mx / rector@uteq.edu.mx
México - Instituciones,133,fuente,https://www.uteq.edu.mx/,https://www.uteq.edu.mx/Sitios/Directorio.aspx
México - Instituciones,133,estado,VERIFICAR,CORREGIDO
México - Instituciones,115,unidad,Servicios Estudiantiles,Secretaría Académica
México - Instituciones,115,contacto,Margarita Núñez Zamudio ,Mtra. Margarita Núñez Zamudio (Secretaria Académica)
México - Instituciones,115,tel,=+52 773 732 9100,+52 773 732 9100 ext. 110-111
México - Instituciones,115,email,academica@utt.edu.mx,academica@uttt.edu.mx
México - Instituciones,115,fuente,https://www.uttt.edu.mx/,https://www.uttt.edu.mx/Directorio/Directorio.pdf
México - Instituciones,110,unidad,Servicios Estudiantiles / Atención a Alumnos,Dirección Académica / Rectoría
México - Instituciones,110,web,https://www.utsoes.edu.mx/,http://www.utsoe.edu.mx/
México - Instituciones,110,tel,=+52 456 643 7180,+52 456 643 7180 ext. 155
México - Instituciones,110,email,hcuevas@utsoe.edu.mx.,hcuevas@utsoe.edu.mx / rectoria@utsoe.edu.mx
México - Instituciones,110,fuente,https://www.utsoes.edu.mx/,http://www.utsoe.edu.mx/directorio.html
México - Instituciones,110,estado,CONFIRMADO,VERIFICAR
México - Instituciones,126,web,https://www.unicat.edu.mx/,https://www.unicha.edu.mx/
México - Instituciones,126,fuente,https://www.unicat.edu.mx/,https://www.unicha.edu.mx/directorio.html
México - Instituciones,126,estado,CORREGIDO,VERIFICAR
México - Instituciones,136,web,https://www.uado.mx/,https://uadeo.mx/
México - Instituciones,136,fuente,https://www.uado.mx/,https://uadeo.mx/
México - Instituciones,2,tel,55 2122 0600 ,+52 55 2122 0601 / 800 147 7326
México - Instituciones,2,email,trabajosocial@issfam.gob.mx,informes@issfam.gob.mx / trabajosocial@issfam.gob.mx
México - Instituciones,2,fuente,https://www.gob.mx/issste,https://www.gob.mx/cms/uploads/attachment/file/779825/Aviso_Privacidad_Integral_Movil.pdf
México - Instituciones,2,estado,CONFIRMADO,CORREGIDO
Brasil - Instituciones,78,unidad,Vicerectoria,Vice-Reitoria
Brasil - Instituciones,78,contacto,Vanesca Korasaki,Prof. Dalton Caldeira Rocha (Vice-Reitor)
Brasil - Instituciones,78,tel,(31) 2323-6679,+55 38 3229-8110 / 3229-8111
Brasil - Instituciones,78,email, vanesca.korasaki@uemg.br,vicereitor@unimontes.br
Brasil - Instituciones,78,fuente,https://www.uemg.br/home/reitoria,https://unimontes.br/apresentacao/organograma/
Brasil - Instituciones,78,estado,confirmado,CORREGIDO
Brasil - Instituciones,23,unidad,Vicerectoria,Gabinete da Vice-Reitoria
Brasil - Instituciones,23,contacto,No disponible públicamente,Gabinete da Vice-Reitoria
Brasil - Instituciones,23,tel,=+55 87 2101-6700,+55 87 2101-6705
Brasil - Instituciones,23,email,soc@univasf.edu.br,vice.reitoria@univasf.edu.br
Brasil - Instituciones,23,fuente,https://ufape.edu.br/reitoria,https://portais.univasf.edu.br/reitoria/reitoria/gabinete-da-reitoria
Brasil - Instituciones,23,estado,CONFIRMADO,CORREGIDO
Brasil - Instituciones,61,email,reitoria@utfpr.edu.br|,reitoria@utfpr.edu.br
Argentina - Instituciones,5,tel,No disponible públicamente ,+54 381 431 1430
Argentina - Instituciones,5,email,secretariaextension.unt.edu.ar,se@se.unt.edu.ar
Argentina - Instituciones,5,fuente,https://mapa.educacion.gob.ar/maps/mapa-navegable-de-las-universidades,https://secretariaextension.unt.edu.ar/contacto/
Argentina - Instituciones,23,tel,No disponible públicamente ,+54 2323 445100
Argentina - Instituciones,23,email,rectorado.unlu.edu.ar,informes@unlu.edu.ar
Argentina - Instituciones,23,fuente,https://mapa.educacion.gob.ar/maps/mapa-navegable-de-las-universidades,https://www.unlu.edu.ar/
Argentina - Instituciones,23,estado,corregido,VERIFICAR
Perú - Instituciones,91,email,"URED.2018@HOTMAIL,COM",ured.2018@hotmail.com
Perú - Instituciones,214,email,"a.liderespuntanegra@gmail,com",a.liderespuntanegra@gmail.com
Perú - Instituciones,214,estado,CONFIRMADO,VERIFICAR
Colombia - Instituciones,34,unidad,Secretaría General,Rectoría (secretaría)
Colombia - Instituciones,34,email,secretariageneral@unitropico.edu.co,secrerectoria@unitropico.edu.co
Colombia - Instituciones,34,fuente,https://directorio.unad.edu.co/index.php/secretaria-general,https://www.funcionpublica.gov.co/dafpIndexerBHV/hvSigep/detallarHV/S4650297-4388-4
Colombia - Instituciones,34,estado,CONFIRMADO,VERIFICAR
Uruguay - Instituciones,2,contacto,Rodrigo Arim (Rector) / Equipo de Secretaría General,Héctor Cancela (Rector) / Gerardo Siuciak (Director Depto. Secretaría General)
Uruguay - Instituciones,2,tel,(+598) 2409 8426 / (+598) 2409 2779,(+598) 2409 2779 / (+598) 2400 8393 int. 12
Uruguay - Instituciones,2,email,secregral@oce.edu.uy / rector@rectorado.udelar.edu.uy,rector@rectorado.udelar.edu.uy / gerardo.siuciak@udelar.edu.uy
Uruguay - Instituciones,2,fuente,https://udelar.edu.uy/directorio/lugares/rectorado/,https://gestion.udelar.edu.uy/directorio/direcciones/division-secretaria-general
Uruguay - Instituciones,2,estado,,CORREGIDO
Chile - Instituciones,22,web,https://academia.subdere.gov.cl (corregido — el original era el sitio de una OTEC privada sin relación con SUBDERE),https://academia.subdere.gov.cl
Chile - Instituciones,66,email,"confederacionfenatsnacional@gmail.com
",confederacionfenatsnacional@gmail.com
Chile - Instituciones,67,web,https://fenpruss.cl/ (corregida — la URL original estaba rota),https://fenpruss.cl/
Chile - Instituciones,83,email,direccion.dbde@umag.cl (corregido — cambio de nombre DAE→DBDE),direccion.dbde@umag.cl
Chile - Instituciones,85,fuente,https://bienestar.ulagos.cl/ (fuente corregida — el original apuntaba a un sitio de la DGAC sin relación con ULagos),https://bienestar.ulagos.cl/
Bolivia - Instituciones,2,fuente,https://gestora.bo/Comunicacion/Contacto ,https://gestora.bo/Comunicacion/Contacto
Bolivia - Instituciones,3,email, rector@itsariberalta.edu.bo,rector@itsariberalta.edu.bo
Bolivia - Instituciones,5,estado,VERIFICAdo CON OBSERVACIONES,VERIFICADO CON OBSERVACIONES
Bolivia - Instituciones,14,fuente,https://www.minedu.gob.bo/files/documentos-normativos/VESFP/2024/reglamentos/GUIA-INSTITUTOS-2024-OCTUBRE.pdf#page=227 | https://www.tecnologicouyuni.org/nosotros/directivos,https://www.minedu.gob.bo/files/documentos-normativos/VESFP/2024/reglamentos/GUIA-INSTITUTOS-2024-OCTUBRE.pdf#page=227
Bolivia - Instituciones,18,fuente,https://www.minedu.gob.bo/files/documentos-normativos/VESFP/2024/reglamentos/GUIA-INSTITUTOS-2024-OCTUBRE.pdf#page=259 | https://www.tap.edu.bo/,https://www.minedu.gob.bo/files/documentos-normativos/VESFP/2024/reglamentos/GUIA-INSTITUTOS-2024-OCTUBRE.pdf#page=259
Bolivia - Instituciones,23,email,egpp.institucional@egpp.gob.bo (correo institucional general),egpp.institucional@egpp.gob.bo
Bolivia - Instituciones,23,fuente,https://egpp.gob.bo/oferta-academica/ | https://egpp.gob.bo/unidad-de-desarrollo-del-servidor-publico-udsp/ | https://egpp.gob.bo/nomina-de-autoridades/ | https://egpp.gob.bo/direcciones/ | https://egpp.gob.bo/sistema-de-gestion-integrado-parte-2/ | https://egpp.gob.bo/resena-historica-de-la-egpp/,https://egpp.gob.bo/oferta-academica/
Bolivia - Instituciones,25,fuente,https://sidisfstmb.wordpress.com/contacto/ | https://sidisfstmb.wordpress.com/,https://sidisfstmb.wordpress.com/contacto/
Bolivia - Instituciones,27,fuente,https://conlactraho.org/afiliada/federacion-nacional-de-trabajadoras-asalariadas-del-hogar-de-bolivia-fenatrahob/ | https://www.ilo.org/sites/default/files/wcmsp5/groups/public/%40ed_dialogue/%40actrav/documents/genericdocument/wcms_573102.pdf,https://conlactraho.org/afiliada/federacion-nacional-de-trabajadoras-asalariadas-del-hogar-de-bolivia-fenatrahob/
Bolivia - Instituciones,28,fuente,https://ceub.edu.bo/universidades-del-sistema/ | https://www.umsa.bo/es/web/deagec/sub-ceub | https://usfx.bo/,https://ceub.edu.bo/universidades-del-sistema/
Bolivia - Instituciones,29,fuente,https://ceub.edu.bo/universidades-del-sistema/ | https://www.umsa.bo/es/web/deagec/sub-ceub | https://www.umsa.bo/es/contactos,https://ceub.edu.bo/universidades-del-sistema/
Bolivia - Instituciones,30,fuente,https://ceub.edu.bo/universidades-del-sistema/ | https://www.umsa.bo/es/web/deagec/sub-ceub | https://www.umss.edu.bo/contacto/,https://ceub.edu.bo/universidades-del-sistema/
Bolivia - Instituciones,31,fuente,https://ceub.edu.bo/universidades-del-sistema/ | https://www.umsa.bo/es/web/deagec/sub-ceub | https://www.uagrm.edu.bo/unidades-administrativas/rectorado,https://ceub.edu.bo/universidades-del-sistema/
Bolivia - Instituciones,32,fuente,https://ceub.edu.bo/universidades-del-sistema/ | https://www.umsa.bo/es/web/deagec/sub-ceub | https://uatf.edu.bo/facultades.php,https://ceub.edu.bo/universidades-del-sistema/
Bolivia - Instituciones,33,fuente,https://ceub.edu.bo/universidades-del-sistema/ | https://www.umsa.bo/es/web/deagec/sub-ceub | https://www.uto.edu.bo/contactos/ | https://www.uto.edu.bo/guia-telefonica/,https://ceub.edu.bo/universidades-del-sistema/
Bolivia - Instituciones,34,fuente,https://ceub.edu.bo/universidades-del-sistema/ | https://www.umsa.bo/es/web/deagec/sub-ceub | https://www.uajms.edu.bo/contactenos/,https://ceub.edu.bo/universidades-del-sistema/
Bolivia - Instituciones,35,fuente,https://ceub.edu.bo/universidades-del-sistema/ | https://www.umsa.bo/es/web/deagec/sub-ceub | https://www.uabjb.edu.bo/index.php/tramites-uab,https://ceub.edu.bo/universidades-del-sistema/
Bolivia - Instituciones,36,fuente,https://ceub.edu.bo/universidades-del-sistema/ | https://www.umsa.bo/es/web/deagec/sub-ceub | https://www.unsxx.bo/,https://ceub.edu.bo/universidades-del-sistema/
Bolivia - Instituciones,37,fuente,https://ceub.edu.bo/universidades-del-sistema/ | https://www.umsa.bo/es/web/deagec/sub-ceub | https://campusvirtual.uap.edu.bo/,https://ceub.edu.bo/universidades-del-sistema/
Bolivia - Instituciones,38,fuente,https://ceub.edu.bo/universidades-del-sistema/ | https://www.umsa.bo/es/web/deagec/sub-ceub | https://www.upea.edu.bo/Carreras | https://utic.upea.bo/,https://ceub.edu.bo/universidades-del-sistema/
Honduras - Instituciones,3,web,"https://www.eagp.gob.hn/?p=1770 (enlace proporcionado, inaccesible al consultar)",https://www.eagp.gob.hn/?p=1770
Honduras - Instituciones,3,estado,VERIFICAdo CON OBSERVACIONES,VERIFICADO CON OBSERVACIONES
Honduras - Instituciones,4,fuente,https://www.injuve.gob.hn/preguntas | https://www.injuve.gob.hn/,https://www.injuve.gob.hn/preguntas
Honduras - Instituciones,5,fuente,https://des.unah.edu.hn/sistema-de-educacion-superior/instituciones/publicas/ | https://www.unah.edu.hn/,https://des.unah.edu.hn/sistema-de-educacion-superior/instituciones/publicas/
Honduras - Instituciones,6,email,info@upnfm.edu.hn ,info@upnfm.edu.hn
Honduras - Instituciones,10,estado,VERIFICAdo CON OBSERVACIONES,VERIFICADO CON OBSERVACIONES
Panamá - Instituciones,26,fuente, https://www.up.ac.pa/contactenos,https://www.up.ac.pa/contactenos
Panamá - Instituciones,27,fuente, https://utp.ac.pa/contacto | https://utp.ac.pa/sites/default/files/documentos/2026/pdf/utp-sg-copia-documentos.pdf,https://utp.ac.pa/contacto
Panamá - Instituciones,28,fuente,https://coneaupa.edu.pa/universidades-oficiales/ | https://www.unachi.ac.pa/nosotros/contactenos,https://coneaupa.edu.pa/universidades-oficiales/
Panamá - Instituciones,31,web,https://uapi.ac.pa/ (sin acceso al verificar),https://uapi.ac.pa/
Panamá - Instituciones,31,estado,VERIFICAdo CON OBSERVACIONES,VERIFICADO CON OBSERVACIONES
México - Instituciones,4,email,atencionciudadana@issste.gob.mx(no es idoneo pero no se encontro otro),atencionciudadana@issste.gob.mx
México - Instituciones,8,fuente,mexico.techo.org/contacto ,https://mexico.techo.org/contacto
México - Instituciones,43,fuente,ctmoficial.org/contacto,https://ctmoficial.org/contacto
México - Instituciones,44,fuente,croc.org.mx,https://croc.org.mx
México - Instituciones,46,fuente,facebook.com/UnionNacionaldeTrabajadores,https://facebook.com/UnionNacionaldeTrabajadores
México - Instituciones,47,web,www.uaa.mx,https://www.uaa.mx
México - Instituciones,47,fuente,uaa.mx/portal/noticias/uaa-impulsa-a-empresas-y-organizaciones-con-servicios-profesionales-de-comunicacion/,https://uaa.mx/portal/noticias/uaa-impulsa-a-empresas-y-organizaciones-con-servicios-profesionales-de-comunicacion/
México - Instituciones,48,email,cooperaciontijuana@uabc.edu.mx (campus Tijuana) / daecv.mxl@uabc.edu.mx (campus Mexicali),cooperaciontijuana@uabc.edu.mx / daecv.mxl@uabc.edu.mx
México - Instituciones,48,web,www.uabc.mx,https://www.uabc.mx
México - Instituciones,49,web,www.uabcs.mx,https://www.uabcs.mx
México - Instituciones,50,web,www.uacam.mx,https://www.uacam.mx
México - Instituciones,51,email,rector@unach.mx (rectoría; vinculación no publica correo único),rector@unach.mx
México - Instituciones,51,web,www.unach.mx,https://www.unach.mx
México - Instituciones,52,web,www.uach.mx,https://www.uach.mx
México - Instituciones,53,web,www.uadec.mx,https://www.uadec.mx
México - Instituciones,54,web,www.ucol.mx,https://www.ucol.mx
México - Instituciones,55,email, vinculacion.social@ujed.mx,vinculacion.social@ujed.mx
México - Instituciones,55,web,www.ujed.mx,https://www.ujed.mx
México - Instituciones,56,estado,VERIFICAdo CON OBSERVACIONES,VERIFICADO CON OBSERVACIONES
México - Instituciones,57,web,www.uagro.mx,https://www.uagro.mx
México - Instituciones,58,web,www.uaeh.edu.mx,https://www.uaeh.edu.mx
México - Instituciones,59,web,www.udg.mx,https://www.udg.mx
México - Instituciones,60,web,www.uaemex.mx,https://www.uaemex.mx
México - Instituciones,60,fuente,www.uaemex.mx,https://www.uaemex.mx
México - Instituciones,61,web,www.umich.mx,https://www.umich.mx
México - Instituciones,61,fuente,www.umich.mx,https://www.umich.mx
México - Instituciones,62,web,www.uaem.mx,https://www.uaem.mx
México - Instituciones,62,fuente,www.uaem.mx,https://www.uaem.mx
México - Instituciones,63,web,www.uan.edu.mx,https://www.uan.edu.mx
México - Instituciones,63,fuente,www.uan.edu.mx,https://www.uan.edu.mx
México - Instituciones,64,web,www.uanl.mx,https://www.uanl.mx
México - Instituciones,65,web,www.uabjo.mx,https://www.uabjo.mx
México - Instituciones,65,fuente,uabjo.mx/contacto,https://uabjo.mx/contacto
México - Instituciones,66,web,www.buap.mx,https://www.buap.mx
México - Instituciones,67,web,www.uaq.mx,https://www.uaq.mx
México - Instituciones,67,fuente,rectoria.uaq.mx ,https://rectoria.uaq.mx
México - Instituciones,68,web,www.uqroo.mx,https://www.uqroo.mx
México - Instituciones,68,fuente,vinculacion.uqroo.mx,https://vinculacion.uqroo.mx
México - Instituciones,69,web,www.uaslp.mx,https://www.uaslp.mx
México - Instituciones,69,fuente,uaslp.mx,https://uaslp.mx
México - Instituciones,70,web,www.uas.edu.mx,https://www.uas.edu.mx
México - Instituciones,71,email,joel.espejel@unison.mx (Vinculación y Extensión),joel.espejel@unison.mx
México - Instituciones,71,web,www.unison.mx,https://www.unison.mx
México - Instituciones,71,fuente,vinculacionyextension.unison.mx/directorio,https://vinculacionyextension.unison.mx/directorio
México - Instituciones,72,web,www.ujat.mx,https://www.ujat.mx
México - Instituciones,73,web,www.uat.edu.mx,https://www.uat.edu.mx
México - Instituciones,73,fuente,uat.edu.mx ,https://uat.edu.mx
México - Instituciones,74,web,www.uatx.mx,https://www.uatx.mx
México - Instituciones,75,web,www.uv.mx,https://www.uv.mx
México - Instituciones,76,web,www.uady.mx,https://www.uady.mx
México - Instituciones,77,web,www.uaz.edu.mx,https://www.uaz.edu.mx
México - Instituciones,78,web,www.uacm.edu.mx,https://www.uacm.edu.mx
México - Instituciones,88,email,"sacademica@utch.edu.mx

",sacademica@utch.edu.mx
México - Instituciones,99,fuente,dapyb.jefatura@chapingo.mx,https://dapyb.jefatura@chapingo.mx
México - Instituciones,121,email,jesusleon@mixteco.utm.mx ,jesusleon@mixteco.utm.mx
México - Instituciones,130,email, informacion@uttehuacan.edu.mx,informacion@uttehuacan.edu.mx
México - Instituciones,131,email,"secretaria.academica@utxicotepec.edu.mx

",secretaria.academica@utxicotepec.edu.mx
Brasil - Instituciones,4,estado,pendiente,PENDIENTE
Brasil - Instituciones,14,email, greitor@ufc.br / daagr@ufc.br,greitor@ufc.br / daagr@ufc.br
Brasil - Instituciones,19,estado,,PENDIENTE
Brasil - Instituciones,20,estado,pendiente,PENDIENTE
Brasil - Instituciones,24,estado,confirmado,CONFIRMADO
Brasil - Instituciones,26,estado,confirmado,CONFIRMADO
Brasil - Instituciones,27,estado,confirmado,CONFIRMADO
Brasil - Instituciones,28,estado,confirmado,CONFIRMADO
Brasil - Instituciones,29,estado,confirmado,CONFIRMADO
Brasil - Instituciones,30,email, vicereitoria@ufac.br,vicereitoria@ufac.br
Brasil - Instituciones,30,estado,confirmado,CONFIRMADO
Brasil - Instituciones,31,email,gabinete@ufam.edu.br   ,gabinete@ufam.edu.br
Brasil - Instituciones,31,estado,confirmado,CONFIRMADO
Brasil - Instituciones,32,estado,CONFirmado,CONFIRMADO
Brasil - Instituciones,33,estado,CONFirmado,CONFIRMADO
Brasil - Instituciones,34,estado,sin pagina web,SIN PAGINA WEB
Brasil - Instituciones,35,email,"reitoria@ufopa.edu.br

",reitoria@ufopa.edu.br
Brasil - Instituciones,35,estado,CONFirmado,CONFIRMADO
Brasil - Instituciones,36,estado,CONFirmado,CONFIRMADO
Brasil - Instituciones,38,email, vicereitoria@ufrr.br,vicereitoria@ufrr.br
Brasil - Instituciones,38,estado,CONFirmado,CONFIRMADO
Brasil - Instituciones,39,estado,CONFirmado,CONFIRMADO
Brasil - Instituciones,40,estado,CONFirmado,CONFIRMADO
Brasil - Instituciones,41,estado,CONFirmado,CONFIRMADO
Brasil - Instituciones,42,email,"vicereitora@ufmg.br
",vicereitora@ufmg.br
Brasil - Instituciones,42,estado,CONFirmado,CONFIRMADO
Brasil - Instituciones,43,estado,CONFirmado,CONFIRMADO
Brasil - Instituciones,44,estado,confirmado,CONFIRMADO
Brasil - Instituciones,45,estado,confirmado,CONFIRMADO
Brasil - Instituciones,46,estado,confirmado,CONFIRMADO
Brasil - Instituciones,47,estado,confirmado,CONFIRMADO
Brasil - Instituciones,48,estado,confirmado,CONFIRMADO
Brasil - Instituciones,49,estado,confirmado,CONFIRMADO
Brasil - Instituciones,50,estado,confirmado,CONFIRMADO
Brasil - Instituciones,51,email, sec.reitoria@uftm.edu.br,sec.reitoria@uftm.edu.br
Brasil - Instituciones,51,estado,confirmado,CONFIRMADO
Brasil - Instituciones,52,estado,confirmado,CONFIRMADO
Brasil - Instituciones,53,email, vicereitoria@reitoria.ufrj.br,vicereitoria@reitoria.ufrj.br
Brasil - Instituciones,53,estado,confirmado,CONFIRMADO
Brasil - Instituciones,54,estado,confirmado,CONFIRMADO
Brasil - Instituciones,55,email,"gabinete@ufrrj.br
",gabinete@ufrrj.br
Brasil - Instituciones,55,estado,confirmado,CONFIRMADO
Brasil - Instituciones,56,estado,pendiente,PENDIENTE
Brasil - Instituciones,57,estado,confirmado,CONFIRMADO
Brasil - Instituciones,58,estado,confirmado,CONFIRMADO
Brasil - Instituciones,59,estado,confirmado ,CONFIRMADO
Brasil - Instituciones,60,estado,confirmado,CONFIRMADO
Brasil - Instituciones,61,estado,confirmado,CONFIRMADO
Brasil - Instituciones,62,estado,confirmado,CONFIRMADO
Brasil - Instituciones,63,estado,confirmado,CONFIRMADO
Brasil - Instituciones,64,estado,confirmado,CONFIRMADO
Brasil - Instituciones,65,estado,pendiente,PENDIENTE
Brasil - Instituciones,66,estado,confirmado,CONFIRMADO
Brasil - Instituciones,67,estado,confirmado,CONFIRMADO
Brasil - Instituciones,68,estado,confirmado,CONFIRMADO
Brasil - Instituciones,69,estado,confirmado,CONFIRMADO
Brasil - Instituciones,70,estado,corregido,CORREGIDO
Brasil - Instituciones,71,estado,confirmado,CONFIRMADO
Brasil - Instituciones,72,estado,confirnado,CONFIRMADO
Brasil - Instituciones,73,estado,confirmado,CONFIRMADO
Brasil - Instituciones,76,estado,pendiente,PENDIENTE
Brasil - Instituciones,77,estado,pendiente,PENDIENTE
Brasil - Instituciones,79,estado,confirmado,CONFIRMADO
Brasil - Instituciones,80,estado,confirmado,CONFIRMADO
Brasil - Instituciones,81,estado,confirmado,CONFIRMADO
Brasil - Instituciones,82,estado,confirmado,CONFIRMADO
Brasil - Instituciones,83,estado,confirmado,CONFIRMADO
Brasil - Instituciones,84,email, gabinete@uenp.edu.br,gabinete@uenp.edu.br
Brasil - Instituciones,84,estado,confirmado,CONFIRMADO
Brasil - Instituciones,85,estado,confirmado,CONFIRMADO
Brasil - Instituciones,86,estado,confirmado,CONFIRMADO
Brasil - Instituciones,87,estado,confirmado,CONFIRMADO
Brasil - Instituciones,88,estado,confirmado,CONFIRMADO
Brasil - Instituciones,89,estado,confirmado,CONFIRMADO
Brasil - Instituciones,90,estado,confirmado,CONFIRMADO
Brasil - Instituciones,91,estado,confirmado,CONFIRMADO
Brasil - Instituciones,92,estado,confirmado,CONFIRMADO
Brasil - Instituciones,93,estado,confirmado,CONFIRMADO
Brasil - Instituciones,94,estado,confirmado,CONFIRMADO
Brasil - Instituciones,95,estado,confirmado,CONFIRMADO
Brasil - Instituciones,96,estado,confirmado,CONFIRMADO
Brasil - Instituciones,97,estado, ,
Brasil - Instituciones,98,estado,confirmado,CONFIRMADO
Brasil - Instituciones,99,estado,confirmado,CONFIRMADO
Brasil - Instituciones,100,estado,confirmado,CONFIRMADO
Brasil - Instituciones,101,estado,,PENDIENTE
Brasil - Instituciones,102,estado,,PENDIENTE
Brasil - Instituciones,103,estado,confirmado,CONFIRMADO
Brasil - Instituciones,104,estado,,PENDIENTE
Brasil - Instituciones,105,estado,confirmado,CONFIRMADO
Brasil - Instituciones,106,web,https://unitins.br ,https://unitins.br
Brasil - Instituciones,106,fuente,https://unitins.br ,https://unitins.br
Perú - Instituciones,15,fuente,https://www.senati.edu.pe/sedes | https://www.senati.edu.pe/contacto | https://www.senati.edu.pe/nosotros/historia,https://www.senati.edu.pe/sedes
Perú - Instituciones,197,email,"juventudpachacamina@gmail.com

",juventudpachacamina@gmail.com
Perú - Instituciones,245,email,juliocesarbazan@gmail.com (encontrado en facebook),juliocesarbazan@gmail.com
Perú - Instituciones,253,email, rrpp@lamolina.edu.pe,rrpp@lamolina.edu.pe
Perú - Instituciones,257,email, oimagenc@unap.edu.pe,oimagenc@unap.edu.pe
Perú - Instituciones,262,email, rectorado@unheval.edu.pe,rectorado@unheval.edu.pe
Perú - Instituciones,267,email, mesadepartes_secretariageneral@unprg.edu.pe,mesadepartes_secretariageneral@unprg.edu.pe
Perú - Instituciones,285,email, mesadepartes@unach.edu.pe,mesadepartes@unach.edu.pe
Perú - Instituciones,297,email, informes@unm.edu.pe,informes@unm.edu.pe
Costa Rica - Instituciones,2,estado,VERIFICAdo CON OBSERVACIONES,VERIFICADO CON OBSERVACIONES
Costa Rica - Instituciones,3,estado,VERIFICAdo CON OBSERVACIONES,VERIFICADO CON OBSERVACIONES
Costa Rica - Instituciones,5,estado,VERIFICAdo CON OBSERVACIONES,VERIFICADO CON OBSERVACIONES
Costa Rica - Instituciones,20,email,cjarquinquesada@ina.ac.or,cjarquinquesada@ina.ac.cr
Costa Rica - Instituciones,24,email,rramirezrodriguez@ina.ac.or,rramirezrodriguez@ina.ac.cr
Costa Rica - Instituciones,34,email,lguzmanrojas@ina.ac.or,lguzmanrojas@ina.ac.cr
Costa Rica - Instituciones,81,estado,VERIFICAdo CON OBSERVACIONES,VERIFICADO CON OBSERVACIONES
Costa Rica - Instituciones,82,estado,VERIFICAdo CON OBSERVACIONES,VERIFICADO CON OBSERVACIONES
Costa Rica - Instituciones,83,estado,VERIFICAdo CON OBSERVACIONES,VERIFICADO CON OBSERVACIONES
Costa Rica - Instituciones,88,estado,VERIFICAdo CON OBSERVACIONES,VERIFICADO CON OBSERVACIONES
Argentina - Instituciones,7,email, direccion.general.despacho_rectorado@uncuyo.edu.ar.,direccion.general.despacho_rectorado@uncuyo.edu.ar
Argentina - Instituciones,8,email,"scosenti@unl.edu.ar 
",scosenti@unl.edu.ar
Argentina - Instituciones,13,estado,confiRMADO,CONFIRMADO
Argentina - Instituciones,14,estado,confirmado,CONFIRMADO
Argentina - Instituciones,15,estado,corregido,CORREGIDO
Argentina - Instituciones,16,estado,corregido,CORREGIDO
Argentina - Instituciones,17,email, consultas@unju.edu.ar,consultas@unju.edu.ar
Argentina - Instituciones,17,estado,Verificado con observaciones,VERIFICADO CON OBSERVACIONES
Argentina - Instituciones,18,estado,corregido,CORREGIDO
Argentina - Instituciones,19,email, secgral@unse.edu.ar,secgral@unse.edu.ar
Argentina - Instituciones,19,estado,corregido,CORREGIDO
Argentina - Instituciones,20,estado,pendiente de revision,PENDIENTE DE REVISION
Argentina - Instituciones,21,estado,confirmado,CONFIRMADO
Argentina - Instituciones,22,email,"
julieta.chichizola@uner.edu.ar

",julieta.chichizola@uner.edu.ar
Argentina - Instituciones,22,estado,confirmado,CONFIRMADO
Argentina - Instituciones,24,estado,corregido,CORREGIDO
Argentina - Instituciones,25,estado,corregido,CORREGIDO
Argentina - Instituciones,26,estado,corregido,CORREGIDO
Argentina - Instituciones,27,estado,confirmado,CONFIRMADO
Argentina - Instituciones,28,estado,confirmado,CONFIRMADO
Argentina - Instituciones,29,email, sec_gral@campus.ungs.edu.ar,sec_gral@campus.ungs.edu.ar
Argentina - Instituciones,29,estado,confirmado,CONFIRMADO
Argentina - Instituciones,30,estado,confirmado,CONFIRMADO
Argentina - Instituciones,31,estado,corregido con observaciones,CORREGIDO CON OBSERVACIONES
Argentina - Instituciones,32,estado,confirmado,CONFIRMADO
Argentina - Instituciones,33,estado,pendiente de revision,PENDIENTE DE REVISION
Argentina - Instituciones,34,email, rperrone@unpa.edu.ar ,rperrone@unpa.edu.ar
Argentina - Instituciones,34,estado,confirmado,CONFIRMADO
Argentina - Instituciones,35,estado,confirmado,CONFIRMADO
Argentina - Instituciones,36,estado,confirmado,CONFIRMADO
Argentina - Instituciones,37,email,secretariageneral@unlar.edu.ar.,secretariageneral@unlar.edu.ar
Argentina - Instituciones,37,estado,confirmado,CONFIRMADO
Argentina - Instituciones,38,email, coopinternac@undec.edu.ar,coopinternac@undec.edu.ar
Argentina - Instituciones,38,estado,confirmado con observaciones,CONFIRMADO CON OBSERVACIONES
Argentina - Instituciones,39,email, secretariaacademica@unnoba.edu.ar,secretariaacademica@unnoba.edu.ar
Argentina - Instituciones,39,estado,confirmado,CONFIRMADO
Argentina - Instituciones,40,estado,confirmado,CONFIRMADO
Argentina - Instituciones,41,estado,confirmado,CONFIRMADO
Argentina - Instituciones,42,estado,confirmado,CONFIRMADO
Argentina - Instituciones,43,estado,confirmado,CONFIRMADO
Argentina - Instituciones,44,estado,confirmado,CONFIRMADO
Argentina - Instituciones,45,estado,confirmado con observaciones,CONFIRMADO CON OBSERVACIONES
Argentina - Instituciones,46,estado,confirmado,CONFIRMADO
Argentina - Instituciones,47,estado,confirmado,CONFIRMADO
Argentina - Instituciones,48,estado,confirmado,CONFIRMADO
Argentina - Instituciones,49,estado,confirmado,CONFIRMADO
Argentina - Instituciones,50,estado,confirmado,CONFIRMADO
Argentina - Instituciones,51,estado,confirmado,CONFIRMADO
Argentina - Instituciones,52,estado,confirmado,CONFIRMADO
Argentina - Instituciones,53,email,academica@unsada.edu.ar ,academica@unsada.edu.ar
Argentina - Instituciones,53,estado,confirmado,CONFIRMADO
Argentina - Instituciones,54,estado,confirmado,CONFIRMADO
Argentina - Instituciones,55,email, extension@unau.edu.ar,extension@unau.edu.ar
Argentina - Instituciones,55,estado,Corregido,CORREGIDO
Argentina - Instituciones,56,estado,confirmado,CONFIRMADO
Argentina - Instituciones,57,estado,corregido,CORREGIDO
Argentina - Instituciones,58,estado,corregido,CORREGIDO
Argentina - Instituciones,59,estado,confirmado,CONFIRMADO
Argentina - Instituciones,60,email,informes@unpilar.edu.ar.,informes@unpilar.edu.ar
Argentina - Instituciones,60,estado,corregido con observaciones,CORREGIDO CON OBSERVACIONES
Argentina - Instituciones,61,estado,corregido,CORREGIDO
Argentina - Instituciones,62,estado,corregido,CORREGIDO
Argentina - Instituciones,63,estado,corregido con observaciones,CORREGIDO CON OBSERVACIONES
Argentina - Instituciones,64,estado,corregido,CORREGIDO
Argentina - Instituciones,65,estado,pendiente de revision,PENDIENTE DE REVISION
Argentina - Instituciones,66,estado,confirmado,CONFIRMADO
Argentina - Instituciones,67,estado,confirmado,CONFIRMADO
Argentina - Instituciones,68,estado,pendiente de revision,PENDIENTE DE REVISION
Argentina - Instituciones,69,estado,confirmado con observaciones,CONFIRMADO CON OBSERVACIONES
Argentina - Instituciones,70,estado,confirmado con observaciones,CONFIRMADO CON OBSERVACIONES
Argentina - Instituciones,71,estado,confirmado,CONFIRMADO
Argentina - Instituciones,72,estado,confirmado,CONFIRMADO
Argentina - Instituciones,73,email, info@udelaciudad.edu.ar,info@udelaciudad.edu.ar
Argentina - Instituciones,73,estado,corregido,CORREGIDO
Colombia - Instituciones,9,estado,,PENDIENTE
Colombia - Instituciones,28,estado,Verificado con observaciones,VERIFICADO CON OBSERVACIONES
Colombia - Instituciones,30,estado,Verificado con observaciones,VERIFICADO CON OBSERVACIONES
Colombia - Instituciones,32,email, secretariageneral@universidadmayor.edu.co,secretariageneral@universidadmayor.edu.co
Colombia - Instituciones,40,estado,Revisado con observaciones,REVISADO CON OBSERVACIONES
Colombia - Instituciones,41,estado,Revisado con observaciones,REVISADO CON OBSERVACIONES
Colombia - Instituciones,45,estado,Revisado con observaciones,REVISADO CON OBSERVACIONES
Colombia - Instituciones,46,estado,Revisado con observaciones,REVISADO CON OBSERVACIONES
Colombia - Instituciones,47,estado,Revisado con observaciones,REVISADO CON OBSERVACIONES
Colombia - Instituciones,49,estado,REvisado con observaciones,REVISADO CON OBSERVACIONES
Colombia - Instituciones,50,estado,REvisado con observaciones,REVISADO CON OBSERVACIONES
Colombia - Instituciones,52,email, wgomezr@sena.edu.co,wgomezr@sena.edu.co
Colombia - Instituciones,53,estado,REvisado con observaciones,REVISADO CON OBSERVACIONES
Colombia - Instituciones,57,email,mnflorezro@sena.edu.co  ,mnflorezro@sena.edu.co
Colombia - Instituciones,62,email,"eramirezc@sena.edu.co 
 ",eramirezc@sena.edu.co
Colombia - Instituciones,63,estado,REvisado con observaciones,REVISADO CON OBSERVACIONES
Colombia - Instituciones,64,estado,REvisado con observaciones,REVISADO CON OBSERVACIONES
Colombia - Instituciones,65,estado,REvisado con observaciones,REVISADO CON OBSERVACIONES
Colombia - Instituciones,66,estado,confirmado,CONFIRMADO
Colombia - Instituciones,67,estado,confirmado,CONFIRMADO
Colombia - Instituciones,68,estado,confirmado,CONFIRMADO
Colombia - Instituciones,69,estado,,PENDIENTE
Colombia - Instituciones,70,estado,,PENDIENTE
Colombia - Instituciones,71,estado,,PENDIENTE
Colombia - Instituciones,72,estado,,PENDIENTE
Colombia - Instituciones,73,estado,,PENDIENTE
Colombia - Instituciones,74,estado,,PENDIENTE
Colombia - Instituciones,75,estado,,PENDIENTE
Colombia - Instituciones,76,estado,,PENDIENTE
Colombia - Instituciones,77,estado,,PENDIENTE
Colombia - Instituciones,78,estado,,PENDIENTE
Colombia - Instituciones,79,estado,,PENDIENTE
Colombia - Instituciones,80,estado,,PENDIENTE
Colombia - Instituciones,81,estado,,PENDIENTE
Colombia - Instituciones,82,estado,,PENDIENTE
Colombia - Instituciones,83,estado,,PENDIENTE
Colombia - Instituciones,84,estado,,PENDIENTE
Colombia - Instituciones,85,estado,,PENDIENTE
Colombia - Instituciones,86,estado,,PENDIENTE
Colombia - Instituciones,87,estado,,PENDIENTE
Colombia - Instituciones,88,estado,,PENDIENTE
Colombia - Instituciones,89,estado,,PENDIENTE
Colombia - Instituciones,90,estado,,PENDIENTE
Colombia - Instituciones,91,estado,,PENDIENTE
Colombia - Instituciones,92,estado,,PENDIENTE
Colombia - Instituciones,93,estado,,PENDIENTE
Colombia - Instituciones,94,estado,,PENDIENTE
Colombia - Instituciones,95,estado,,PENDIENTE
Colombia - Instituciones,96,estado,,PENDIENTE
Colombia - Instituciones,97,estado,,PENDIENTE
Colombia - Instituciones,98,estado,,PENDIENTE
Colombia - Instituciones,99,estado,,PENDIENTE
Colombia - Instituciones,100,estado,,PENDIENTE
Colombia - Instituciones,101,estado,,PENDIENTE
Colombia - Instituciones,102,estado,,PENDIENTE
Colombia - Instituciones,103,estado,,PENDIENTE
Colombia - Instituciones,104,estado,,PENDIENTE
Colombia - Instituciones,105,estado,,PENDIENTE
Colombia - Instituciones,106,estado,,PENDIENTE
Colombia - Instituciones,107,estado,,PENDIENTE
Colombia - Instituciones,108,estado,,PENDIENTE
Colombia - Instituciones,109,estado,,PENDIENTE
Colombia - Instituciones,110,estado,,PENDIENTE
Colombia - Instituciones,111,estado,,PENDIENTE
Colombia - Instituciones,112,estado,,PENDIENTE
Colombia - Instituciones,113,estado,,PENDIENTE
Colombia - Instituciones,114,estado,,PENDIENTE
Colombia - Instituciones,115,estado,,PENDIENTE
Colombia - Instituciones,116,estado,,PENDIENTE
Colombia - Instituciones,117,estado,,PENDIENTE
Colombia - Instituciones,118,estado,,PENDIENTE
Colombia - Instituciones,119,estado,,PENDIENTE
Colombia - Instituciones,120,estado,,PENDIENTE
Colombia - Instituciones,121,estado,,PENDIENTE
Colombia - Instituciones,122,estado,,PENDIENTE
Colombia - Instituciones,123,estado,,PENDIENTE
Colombia - Instituciones,124,estado,,PENDIENTE
Colombia - Instituciones,125,estado,,PENDIENTE
Colombia - Instituciones,126,estado,,PENDIENTE
Colombia - Instituciones,127,estado,,PENDIENTE
Colombia - Instituciones,128,estado,,PENDIENTE
Colombia - Instituciones,129,estado,,PENDIENTE
Colombia - Instituciones,130,estado,,PENDIENTE
Colombia - Instituciones,131,estado,,PENDIENTE
Colombia - Instituciones,132,estado,,PENDIENTE
Colombia - Instituciones,133,estado,,PENDIENTE
Colombia - Instituciones,134,estado,,PENDIENTE
Colombia - Instituciones,135,estado,,PENDIENTE
Colombia - Instituciones,136,estado,,PENDIENTE
Colombia - Instituciones,137,estado,,PENDIENTE
Colombia - Instituciones,138,estado,,PENDIENTE
Colombia - Instituciones,139,estado,,PENDIENTE
Colombia - Instituciones,140,estado,,PENDIENTE
Colombia - Instituciones,141,estado,,PENDIENTE
Colombia - Instituciones,142,estado,,PENDIENTE
Colombia - Instituciones,143,estado,,PENDIENTE
Colombia - Instituciones,144,estado,,PENDIENTE
Colombia - Instituciones,145,estado,,PENDIENTE
Colombia - Instituciones,146,estado,,PENDIENTE
Colombia - Instituciones,147,estado,,PENDIENTE
Colombia - Instituciones,148,estado,,PENDIENTE
Colombia - Instituciones,149,estado,,PENDIENTE
Colombia - Instituciones,150,estado,,PENDIENTE
Colombia - Instituciones,151,estado,,PENDIENTE
Colombia - Instituciones,152,estado,,PENDIENTE
Colombia - Instituciones,153,estado,,PENDIENTE
Ecuador- Instituciones,18,estado,VERIFICAdo CON OBSERVACIONES,VERIFICADO CON OBSERVACIONES
Ecuador- Instituciones,20,web,fut.cl,https://fut.cl
Ecuador- Instituciones,21,email,"
info@epn.edu.ec",info@epn.edu.ec
Ecuador- Instituciones,25,estado,VERIFICAdo CON OBSERVACIONES,VERIFICADO CON OBSERVACIONES
Ecuador- Instituciones,32,estado,VERIFICAdo CON OBSERVACIONES,VERIFICADO CON OBSERVACIONES
Ecuador- Instituciones,33,email, info@uteq.edu.ec,info@uteq.edu.ec
Ecuador- Instituciones,40,email, admision@espol.edu.ec,admision@espol.edu.ec
Guatemala - Instituciones,2,email, consultas@igssgt.org ,consultas@igssgt.org
Guatemala - Instituciones,48,estado,VERIFICAdo CON OBSERVACIONES,VERIFICADO CON OBSERVACIONES
Guatemala - Instituciones,50,estado,VERIFICAdo CON OBSERVACIONES,VERIFICADO CON OBSERVACIONES
Guatemala - Instituciones,51,estado,VERIFICAdo CON OBSERVACIONES,VERIFICADO CON OBSERVACIONES
Guatemala - Instituciones,52,estado,VERIFICAdo CON OBSERVACIONES,VERIFICADO CON OBSERVACIONES
Guatemala - Instituciones,53,email,dorcas@usac.edu.gt; ,dorcas@usac.edu.gt;
Guatemala - Instituciones,53,estado,VERIFICAdo CON OBSERVACIONES,VERIFICADO CON OBSERVACIONES
Guatemala - Instituciones,54,estado,VERIFICAdo CON OBSERVACIONES,VERIFICADO CON OBSERVACIONES
Guatemala - Instituciones,61,email, jusaccentrouniversitario@gmail.com ,jusaccentrouniversitario@gmail.com
Uruguay - Instituciones,3,estado,,PENDIENTE
